il,k,delta
0.000435,5,200
0.000938,10,200
0.079915,50,200
0.205169,100,200
0.000415,5,400
0.001011,10,400
0.064082,50,400
0.131194,100,400